frame	anim_us	render_us	vsync_us	copy_us	phases_us	wall_us	rows	dominant
0	47	12326	25554	15867	53794	53801	540	vsync
1	36	3060	31019	7213	41328	41336	311	vsync
2	32	2984	23105	7176	33297	33304	311	vsync
3	34	3010	23087	7213	33344	33350	311	vsync
4	33	2915	23158	7140	33246	33253	311	vsync
5	49	3005	23128	7155	33337	33343	310	vsync
6	35	2989	23134	7193	33351	33358	310	vsync
7	33	2956	23133	7114	33236	33243	311	vsync
8	33	3000	23189	7180	33402	33410	311	vsync
9	40	3006	23050	7202	33298	33304	311	vsync
10	33	2937	23150	7145	33265	33272	311	vsync
11	35	3038	23116	7183	33372	33378	311	vsync
12	41	3005	23081	7195	33322	33329	310	vsync
13	33	2937	23153	7050	33173	33179	309	vsync
14	51	3026	23208	7157	33442	33448	310	vsync
15	35	3002	23111	7197	33345	33352	311	vsync
16	34	2950	23141	7159	33284	33291	311	vsync
17	35	3008	23054	7172	33269	33277	311	vsync
18	34	3035	23065	7202	33336	33342	311	vsync
19	34	2933	23153	7124	33244	33250	311	vsync
20	33	3011	23167	7152	33363	33370	310	vsync
21	34	2998	23126	7179	33337	33344	310	vsync
22	34	2938	23167	7120	33259	33266	311	vsync
23	34	3045	23136	7172	33387	33393	311	vsync
24	36	2988	23109	7198	33331	33338	311	vsync
25	36	2938	23147	7139	33260	33267	311	vsync
26	36	3027	23135	7175	33373	33381	311	vsync
27	43	3015	23072	7178	33308	33314	310	vsync
28	36	2933	23174	7055	33198	33205	309	vsync
29	54	3007	23219	8791	35071	35080	310	vsync
30	57	4356	20114	7214	31741	31747	311	vsync
31	35	2961	23097	7124	33217	33224	311	vsync
32	36	3034	23140	7171	33381	33388	311	vsync
33	34	3005	23037	7197	33273	33280	311	vsync
34	34	2950	23138	7122	33244	33251	311	vsync
35	35	3040	23139	7167	33381	33387	310	vsync
36	34	2995	23111	7208	33348	33355	310	vsync
37	35	3086	22990	7125	33236	33244	311	vsync
38	35	3035	23142	7232	33444	33451	311	vsync
39	34	3020	23018	7202	33274	33281	311	vsync
40	34	2938	23146	7310	33428	33434	311	vsync
41	35	2998	22975	7236	33244	33252	311	vsync
42	34	2974	23062	7198	33268	33276	310	vsync
43	36	2993	23095	7185	33309	33314	309	vsync
44	35	3003	23097	7230	33365	33371	310	vsync
45	35	2980	23062	7210	33287	33293	311	vsync
46	33	3029	23048	7236	33346	33353	311	vsync
47	54	2954	23034	7249	33291	33297	311	vsync
48	34	2992	23033	7218	33277	33282	311	vsync
49	34	2993	23075	7226	33328	33334	311	vsync
50	35	2983	23092	7199	33309	33316	310	vsync
51	43	2986	23083	7185	33297	33305	310	vsync
52	35	2995	23099	7216	33345	33352	311	vsync
53	35	3026	23056	7247	33364	33370	311	vsync
54	36	2993	23031	7211	33271	33277	311	vsync
55	34	2990	23087	7229	33340	33346	311	vsync
56	35	3014	23058	7242	33349	33355	311	vsync
57	33	2974	23058	7200	33265	33272	310	vsync
58	33	2985	23099	7181	33298	33305	309	vsync
59	34	3009	23099	7203	33345	33352	310	vsync
60	44	2982	23078	7203	33307	33314	311	vsync
61	33	2998	23086	7238	33355	33361	311	vsync
62	35	2991	23070	7226	33322	33330	311	vsync
63	35	2978	23068	7210	33291	33297	311	vsync
64	35	3008	23067	7228	33338	33346	311	vsync
65	34	2985	23081	7198	33298	33305	310	vsync
66	44	2953	23111	7187	33295	33302	310	vsync
67	35	2993	23105	7248	33381	33386	311	vsync
68	35	3005	23052	7224	33316	33323	311	vsync
69	36	3009	23034	7224	33303	33309	311	vsync
70	41	2991	23064	7215	33311	33317	311	vsync
71	35	2997	23088	7248	33368	33375	311	vsync
72	35	2973	23051	7198	33257	33263	310	vsync
73	35	2984	23105	7125	33249	33255	309	vsync
74	34	3044	23134	7232	33444	33449	310	vsync
75	34	2979	23060	7205	33278	33285	311	vsync
76	37	2960	23119	7124	33240	33246	311	vsync
77	35	3012	23163	7155	33365	33372	311	vsync
78	36	2981	23068	7195	33280	33288	311	vsync
79	36	2932	23158	7124	33250	33256	311	vsync
80	36	3032	23142	7162	33372	33380	310	vsync
81	35	2982	23132	7167	33316	33322	310	vsync
82	36	2938	23175	7118	33267	33274	311	vsync
83	35	3032	23150	7169	33386	33392	311	vsync
84	43	2979	23115	7204	33341	33347	311	vsync
85	35	2938	23145	7146	33264	33270	311	vsync
86	50	3002	23136	7169	33357	33364	311	vsync
87	40	3010	23088	7188	33326	33332	310	vsync
88	35	2923	23175	7093	33226	33234	309	vsync
89	35	3025	23178	7138	33376	33383	310	vsync
90	36	2998	23137	7172	33343	33349	311	vsync
91	35	2942	23172	7128	33277	33285	311	vsync
92	33	3028	23143	7154	33358	33364	311	vsync
93	35	3005	23116	7191	33347	33354	311	vsync
94	34	2929	23166	7121	33250	33257	311	vsync
95	33	3031	23146	7158	33368	33376	310	vsync
96	34	3020	23098	7183	33335	33341	310	vsync
97	35	2937	23164	7109	33245	33252	311	vsync
98	33	3024	23169	7163	33389	33397	311	vsync
99	41	3027	23074	7212	33354	33361	311	vsync
100	36	2928	23143	7147	33254	33262	311	vsync
101	48	3021	23115	7174	33358	33365	311	vsync
102	42	2968	23128	7182	33320	33326	310	vsync
103	34	2926	23178	7049	33187	33194	309	vsync
104	34	3009	23220	7138	33401	33409	310	vsync
105	35	3002	23135	7190	33362	33369	311	vsync
106	35	2926	23170	7115	33246	33254	311	vsync
107	35	3039	23139	7165	33378	33385	311	vsync
108	35	3011	23099	7197	33342	33349	311	vsync
109	34	2936	23089	7135	33194	33200	311	vsync
110	50	3002	23144	7157	33353	33359	310	vsync
111	33	2989	23138	7177	33337	33343	310	vsync
112	35	2924	23181	7114	33254	33261	311	vsync
113	34	3032	23151	7158	33375	33382	311	vsync
114	34	2999	23119	7198	33350	33357	311	vsync
115	35	2949	23138	7121	33243	33251	311	vsync
116	34	3039	23134	7175	33382	33388	311	vsync
117	42	2985	23112	7165	33304	33310	310	vsync
118	34	2922	23198	7089	33243	33251	309	vsync
119	34	2996	23210	7153	33393	33400	310	vsync
120	34	2994	23132	7238	33398	33405	311	vsync
121	41	2938	23104	7212	33295	33301	311	vsync
122	34	3012	23070	7250	33366	33374	311	vsync
123	34	2984	23044	7209	33271	33278	311	vsync
124	34	2994	23084	7227	33339	33346	311	vsync
125	34	2984	23080	7235	33333	33340	310	vsync
126	35	2982	23062	7205	33284	33292	310	vsync
127	36	3007	23071	7242	33356	33363	311	vsync
128	33	2993	23061	7251	33338	33345	311	vsync
129	35	2988	23003	7231	33257	33264	311	vsync
130	41	3016	23032	7230	33319	33326	311	vsync
131	35	2995	23067	7227	33324	33331	311	vsync
132	36	2972	23078	7189	33275	33283	310	vsync
133	35	2992	23103	7167	33297	33303	309	vsync
134	35	2995	23116	7231	33377	33384	310	vsync
135	35	2982	23065	7213	33295	33302	311	vsync
136	42	2990	23075	7229	33336	33343	311	vsync
137	36	2998	23063	7219	33316	33322	311	vsync
138	35	2981	23080	7201	33297	33303	311	vsync
139	35	2998	23085	7210	33328	33335	311	vsync
140	55	2989	23013	7221	33278	33286	310	vsync
141	34	2977	23088	7174	33273	33279	310	vsync
142	34	2989	23121	7227	33371	33378	311	vsync
143	34	3001	23042	7240	33317	33323	311	vsync
144	35	3000	23041	7215	33291	33298	311	vsync
145	40	2999	23067	7243	33349	33356	311	vsync
146	35	2989	23058	7229	33311	33318	311	vsync
147	34	2978	23076	7194	33282	33288	310	vsync
148	35	3001	23089	7159	33284	33291	309	vsync
149	47	3004	23114	7134	33299	33306	310	vsync
150	34	3021	23129	7205	33389	33396	311	vsync
151	34	2940	23142	7123	33239	33246	311	vsync
152	34	3034	23133	7142	33343	33350	311	vsync
153	34	3000	23140	7207	33381	33388	311	vsync
154	34	2938	23141	7120	33233	33240	311	vsync
155	35	2995	23172	7139	33341	33347	310	vsync
156	35	3002	23143	7162	33342	33349	310	vsync
157	34	2921	23203	7128	33286	33292	311	vsync
158	49	3008	23140	7179	33376	33384	311	vsync
159	42	2997	23099	7343	33481	33488	311	vsync
160	53	2945	22981	7143	33122	33129	311	vsync
161	47	3018	23110	7182	33357	33363	311	vsync
162	42	2984	23117	7187	33330	33337	310	vsync
163	35	2937	23157	7089	33218	33225	309	vsync
164	34	3005	23192	7154	33385	33392	310	vsync
165	34	3005	23126	7197	33362	33369	311	vsync
166	35	2948	23140	7119	33242	33249	311	vsync
167	36	3019	23147	7183	33385	33392	311	vsync
168	42	2997	23100	7212	33351	33358	311	vsync
169	42	2925	23138	7117	33222	33229	311	vsync
170	36	3029	23140	7145	33350	33357	310	vsync
171	35	2979	23103	7180	33297	33304	310	vsync
172	34	2935	23160	7126	33255	33261	311	vsync
173	50	3000	23147	7203	33400	33408	311	vsync
174	33	2998	23079	7195	33305	33312	311	vsync
175	35	2932	23158	7138	33263	33270	311	vsync
176	48	3019	23115	7173	33355	33361	311	vsync
177	42	3011	23096	7170	33319	33325	310	vsync
178	34	2929	23187	7085	33235	33242	309	vsync
179	35	3000	23201	7160	33396	33404	310	vsync
180	34	3013	23183	7427	33657	33662	311	vsync
181	50	4492	37949	7222	49713	49720	311	vsync
182	42	2922	23134	7116	33214	33221	311	vsync
183	32	3021	23149	7189	33391	33398	311	vsync
184	43	2977	23113	7200	33333	33339	310	vsync
185	34	2977	23108	7155	33274	33280	309	vsync
186	48	2987	23132	7190	33357	33364	310	vsync
187	42	3012	23076	7103	33233	33239	311	vsync
188	43	2989	23188	7233	33453	33460	311	vsync
189	35	3002	23047	7239	33323	33330	311	vsync
190	34	3011	23037	7125	33207	33221	311	vsync
191	35	2999	23153	7197	33384	33391	311	vsync
192	34	2944	23145	7050	33173	33180	310	vsync
193	119	2934	23219	7103	33375	33382	310	vsync
194	42	3019	23157	7195	33413	33421	311	vsync
195	36	2922	23166	7176	33300	33308	311	vsync
196	45	2925	23180	7135	33285	33294	311	vsync
197	34	2983	23160	7198	33375	33381	311	vsync
198	35	2913	23175	7164	33287	33294	311	vsync
199	43	2942	23178	7091	33254	33262	310	vsync
200	43	2979	23200	7159	33381	33388	309	vsync
201	33	2942	23119	7077	33171	33260	310	vsync
202	44	2926	23196	7108	33274	33281	311	vsync
203	35	3008	23156	7205	33404	33411	311	vsync
204	34	2932	23150	7074	33190	33196	311	vsync
205	34	2948	23189	7129	33300	33307	311	vsync
206	33	3002	23149	7214	33398	33404	311	vsync
207	35	2937	23136	7172	33280	33286	310	vsync
208	43	2930	23180	7104	33257	33264	310	vsync
209	44	2990	23180	7192	33406	33413	311	vsync
210	35	2946	23145	7183	33309	33316	311	vsync
211	42	2939	23161	7142	33284	33291	311	vsync
212	34	2987	23152	7192	33365	33372	311	vsync
213	34	2920	23175	7179	33308	33315	311	vsync
214	45	2927	23175	7126	33273	33280	310	vsync
215	34	2989	23165	7144	33332	33341	309	vsync
216	51	2935	23189	7192	33367	33374	310	vsync
217	43	2941	23150	7146	33280	33286	311	vsync
218	33	3020	23116	7268	33437	33444	311	vsync
219	52	2915	23087	7183	33237	33244	311	vsync
220	44	2933	23164	7262	33403	33410	311	vsync
221	34	3000	23017	7207	33258	33265	311	vsync
222	35	2937	23143	7164	33279	33286	310	vsync
223	44	2941	23178	7099	33262	33269	310	vsync
224	44	3013	23158	7203	33418	33426	311	vsync
225	35	2937	23147	7176	33295	33300	311	vsync
226	43	2932	23177	7106	33258	33266	311	vsync
227	36	3009	23153	7200	33398	33404	311	vsync
228	35	2933	23154	7192	33314	33321	311	vsync
229	35	2930	23161	7102	33228	33242	310	vsync
230	41	2977	23195	7146	33359	33366	309	vsync
231	48	2927	23203	7169	33347	33355	310	vsync
232	35	2935	23120	7144	33234	33241	311	vsync
233	35	3002	23133	7185	33355	33362	311	vsync
234	34	3006	23095	7149	33284	33291	311	vsync
235	36	2997	23143	7188	33364	33372	311	vsync
236	33	2974	23118	7197	33322	33330	311	vsync
237	35	3013	23077	7190	33315	33321	310	vsync
238	35	2973	23119	7172	33299	33314	310	vsync
239	35	2981	23126	7203	33345	33351	311	vsync
240	35	3031	23052	7262	33380	33386	311	vsync
241	36	3011	23019	7201	33267	33274	311	vsync
242	41	2973	23098	7193	33305	33312	311	vsync
243	35	3008	23084	7235	33362	33369	311	vsync
244	34	3007	23049	7203	33293	33301	310	vsync
245	43	2963	23105	7152	33263	33270	309	vsync
246	36	3007	23114	7220	33377	33384	310	vsync
247	35	2994	23077	7212	33318	33323	311	vsync
248	42	2991	23071	7208	33312	33319	311	vsync
249	34	3023	23054	7242	33353	33360	311	vsync
250	35	2992	23058	7228	33313	33321	311	vsync
251	34	2998	23051	7211	33294	33300	311	vsync
252	36	3010	23061	7222	33329	33337	310	vsync
253	35	3006	23063	7196	33300	33307	310	vsync
254	42	2993	23083	7203	33321	33328	311	vsync
255	35	3025	23058	7235	33353	33360	311	vsync
256	33	2989	23067	7196	33285	33292	311	vsync
257	42	2980	23074	7196	33292	33297	311	vsync
258	34	3014	23078	7234	33360	33368	311	vsync
259	35	2967	23088	7202	33292	33299	310	vsync
260	42	2955	23116	7155	33268	33289	309	vsync
261	33	2997	23125	7215	33370	33378	310	vsync
262	36	2984	23086	7223	33329	33335	311	vsync
263	34	2963	23032	7125	33154	33160	311	vsync
264	47	3010	23138	7165	33360	33367	311	vsync
265	41	3007	23113	7199	33360	33367	311	vsync
266	40	2932	23143	7134	33249	33255	311	vsync
267	49	3021	23116	7154	33340	33347	310	vsync
268	38	2985	23150	7190	33363	33370	310	vsync
269	39	2933	23152	7220	33344	33352	311	vsync
270	34	2999	23067	7265	33365	33372	311	vsync
271	35	2997	23030	7205	33267	33275	311	vsync
272	41	3010	23056	7200	33307	33315	311	vsync
273	32	3009	23080	7228	33349	33356	311	vsync
274	35	2985	23080	7185	33285	33291	310	vsync
275	33	2998	23097	7187	33315	33321	309	vsync
276	36	3006	23092	7220	33354	33361	310	vsync
277	34	2989	23082	7202	33307	33315	311	vsync
278	41	2989	23082	7208	33320	33325	311	vsync
279	35	2996	23083	7241	33355	33362	311	vsync
280	34	2982	23071	7209	33296	33302	311	vsync
281	42	2990	23069	7242	33343	33350	311	vsync
282	50	2974	23058	7221	33303	33310	310	vsync
283	37	2985	23083	7171	33276	33282	310	vsync
284	35	2999	23109	7201	33344	33351	311	vsync
285	34	2999	23086	7240	33359	33366	311	vsync
