label	case	iteration	path	db_bytes	query_hash	open_us	schema_check_us	prepare_us	first_row_us	row_read_us	format_us	total_us	rows	columns	stdout_bytes
DBQUERY-RELEASE-20260627	games_count	1	/media/fat/mister-magik/library.sqlite3	19615744	660d526aee39e059	1281		2656	11273	11283	150	15748	1	1	11
DBQUERY-RELEASE-20260627	games_count	2	/media/fat/mister-magik/library.sqlite3	19615744	660d526aee39e059	1358		2674	11425	11436	88	15861	1	1	11
DBQUERY-RELEASE-20260627	games_count	3	/media/fat/mister-magik/library.sqlite3	19615744	660d526aee39e059	1322		2637	10684	10696	106	15091	1	1	11
DBQUERY-RELEASE-20260627	games_count	4	/media/fat/mister-magik/library.sqlite3	19615744	660d526aee39e059	1276		2638	11275	11290	86	15630	1	1	11
DBQUERY-RELEASE-20260627	games_count	5	/media/fat/mister-magik/library.sqlite3	19615744	660d526aee39e059	1261		9937	14906	14915	86	26561	1	1	11
DBQUERY-RELEASE-20260627	full_games_scan	1	/media/fat/mister-magik/library.sqlite3	19615744	a636665c74803e58	1311		2832	83999	124455	108474	273899	9237	8	1375435
DBQUERY-RELEASE-20260627	full_games_scan	2	/media/fat/mister-magik/library.sqlite3	19615744	a636665c74803e58	1296		2900	81981	123337	108987	273538	9237	8	1375435
DBQUERY-RELEASE-20260627	full_games_scan	3	/media/fat/mister-magik/library.sqlite3	19615744	a636665c74803e58	1304		2764	81430	121011	109653	271918	9237	8	1375435
DBQUERY-RELEASE-20260627	full_games_scan	4	/media/fat/mister-magik/library.sqlite3	19615744	a636665c74803e58	1330		2908	81791	122059	108902	272109	9237	8	1375435
DBQUERY-RELEASE-20260627	full_games_scan	5	/media/fat/mister-magik/library.sqlite3	19615744	a636665c74803e58	1343		2762	81611	122780	108118	271892	9237	8	1375435
DBQUERY-RELEASE-20260627	full_ui_load	1	/media/fat/mister-magik/library.sqlite3	19615744	9428041783cead83	1249		2725	170	53776	107429	194986	7259	10	1251029
DBQUERY-RELEASE-20260627	full_ui_load	2	/media/fat/mister-magik/library.sqlite3	19615744	9428041783cead83	1405		2746	103	53307	117089	204980	7259	10	1251029
DBQUERY-RELEASE-20260627	full_ui_load	3	/media/fat/mister-magik/library.sqlite3	19615744	9428041783cead83	1324		2778	77	52869	107301	194469	7259	10	1251029
DBQUERY-RELEASE-20260627	full_ui_load	4	/media/fat/mister-magik/library.sqlite3	19615744	9428041783cead83	1244		2843	78	54620	106434	195292	7259	10	1251029
DBQUERY-RELEASE-20260627	full_ui_load	5	/media/fat/mister-magik/library.sqlite3	19615744	9428041783cead83	1355		2782	85	54483	107277	195898	7259	10	1251029
DBQUERY-RELEASE-20260627	system_counts	1	/media/fat/mister-magik/library.sqlite3	19615744	017f536456e0a9e1	1342		2816	43826	43989	128	48624	14	2	147
DBQUERY-RELEASE-20260627	system_counts	2	/media/fat/mister-magik/library.sqlite3	19615744	017f536456e0a9e1	1345		2906	43361	43497	223	48353	14	2	147
DBQUERY-RELEASE-20260627	system_counts	3	/media/fat/mister-magik/library.sqlite3	19615744	017f536456e0a9e1	1365		2798	43363	43500	215	48364	14	2	147
DBQUERY-RELEASE-20260627	system_counts	4	/media/fat/mister-magik/library.sqlite3	19615744	017f536456e0a9e1	1356		2782	44046	44211	166	48869	14	2	147
DBQUERY-RELEASE-20260627	system_counts	5	/media/fat/mister-magik/library.sqlite3	19615744	017f536456e0a9e1	1371		2755	43353	43606	165	48271	14	2	147
DBQUERY-RELEASE-20260627	arcade_decades	1	/media/fat/mister-magik/library.sqlite3	19615744	f58feadeeceed592	1361		2827	22823	23759	150	28444	9	2	80
DBQUERY-RELEASE-20260627	arcade_decades	2	/media/fat/mister-magik/library.sqlite3	19615744	f58feadeeceed592	1425		2884	23108	24015	169	28830	9	2	80
DBQUERY-RELEASE-20260627	arcade_decades	3	/media/fat/mister-magik/library.sqlite3	19615744	f58feadeeceed592	1275		2772	22469	23432	196	28087	9	2	80
DBQUERY-RELEASE-20260627	arcade_decades	4	/media/fat/mister-magik/library.sqlite3	19615744	f58feadeeceed592	1312		2843	23077	23975	123	28636	9	2	80
DBQUERY-RELEASE-20260627	arcade_decades	5	/media/fat/mister-magik/library.sqlite3	19615744	f58feadeeceed592	1279		2825	22852	23726	116	28310	9	2	80
DBQUERY-RELEASE-20260627	arcade_years	1	/media/fat/mister-magik/library.sqlite3	19615744	a01a52f127c138e6	1227		2835	23281	24354	259	29123	45	2	352
DBQUERY-RELEASE-20260627	arcade_years	2	/media/fat/mister-magik/library.sqlite3	19615744	a01a52f127c138e6	1307		2766	23166	24234	273	29090	45	2	352
DBQUERY-RELEASE-20260627	arcade_years	3	/media/fat/mister-magik/library.sqlite3	19615744	a01a52f127c138e6	1236		3012	23040	24119	267	29137	45	2	352
DBQUERY-RELEASE-20260627	arcade_years	4	/media/fat/mister-magik/library.sqlite3	19615744	a01a52f127c138e6	1297		2830	23532	24620	276	29506	45	2	352
DBQUERY-RELEASE-20260627	arcade_years	5	/media/fat/mister-magik/library.sqlite3	19615744	a01a52f127c138e6	1357		2798	23892	24936	294	29901	45	2	352
DBQUERY-RELEASE-20260627	arcade_manufacturers	1	/media/fat/mister-magik/library.sqlite3	19615744	48a1ab968abd7fae	1270		2971	23478	25598	864	31821	190	2	3761
DBQUERY-RELEASE-20260627	arcade_manufacturers	2	/media/fat/mister-magik/library.sqlite3	19615744	48a1ab968abd7fae	1256		2861	23579	25571	958	31776	190	2	3761
DBQUERY-RELEASE-20260627	arcade_manufacturers	3	/media/fat/mister-magik/library.sqlite3	19615744	48a1ab968abd7fae	1258		2825	23750	25866	849	31877	190	2	3761
DBQUERY-RELEASE-20260627	arcade_manufacturers	4	/media/fat/mister-magik/library.sqlite3	19615744	48a1ab968abd7fae	1311		2777	23664	25810	831	31790	190	2	3761
DBQUERY-RELEASE-20260627	arcade_manufacturers	5	/media/fat/mister-magik/library.sqlite3	19615744	48a1ab968abd7fae	1322		2820	23707	25773	909	31821	190	2	3761
DBQUERY-RELEASE-20260627	arcade_categories	1	/media/fat/mister-magik/library.sqlite3	19615744	25722c932a5aeadd	1311		2932	22447	23390	418	28659	69	2	1133
DBQUERY-RELEASE-20260627	arcade_categories	2	/media/fat/mister-magik/library.sqlite3	19615744	25722c932a5aeadd	1263		3013	22373	23318	482	28684	69	2	1133
DBQUERY-RELEASE-20260627	arcade_categories	3	/media/fat/mister-magik/library.sqlite3	19615744	25722c932a5aeadd	1276		2844	22510	23410	386	28566	69	2	1133
DBQUERY-RELEASE-20260627	arcade_categories	4	/media/fat/mister-magik/library.sqlite3	19615744	25722c932a5aeadd	1242		2943	22555	23455	492	28747	69	2	1133
DBQUERY-RELEASE-20260627	arcade_categories	5	/media/fat/mister-magik/library.sqlite3	19615744	25722c932a5aeadd	1306		2977	22485	23435	361	28623	69	2	1133
DBQUERY-RELEASE-20260627	amiga_years	1	/media/fat/mister-magik/library.sqlite3	19615744	2f63caee18704b4f	1285		2833	20956	20951	91	25471	0	2	14
DBQUERY-RELEASE-20260627	amiga_years	2	/media/fat/mister-magik/library.sqlite3	19615744	2f63caee18704b4f	1271		2810	21299	21199	60	25809	0	2	14
DBQUERY-RELEASE-20260627	amiga_years	3	/media/fat/mister-magik/library.sqlite3	19615744	2f63caee18704b4f	1299		2992	20993	20988	70	25713	0	2	14
DBQUERY-RELEASE-20260627	amiga_years	4	/media/fat/mister-magik/library.sqlite3	19615744	2f63caee18704b4f	1302		2826	21218	21213	72	25798	0	2	14
DBQUERY-RELEASE-20260627	amiga_years	5	/media/fat/mister-magik/library.sqlite3	19615744	2f63caee18704b4f	1340		2871	21164	21159	71	25772	0	2	14
DBQUERY-RELEASE-20260627	amiga_manufacturers	1	/media/fat/mister-magik/library.sqlite3	19615744	4acc3fb5cad4a301	1304		2957	26923	26943	78	31617	1	2	37
DBQUERY-RELEASE-20260627	amiga_manufacturers	2	/media/fat/mister-magik/library.sqlite3	19615744	4acc3fb5cad4a301	1267		2909	27244	27265	87	31919	1	2	37
DBQUERY-RELEASE-20260627	amiga_manufacturers	3	/media/fat/mister-magik/library.sqlite3	19615744	4acc3fb5cad4a301	1248		2783	27126	27146	190	31751	1	2	37
DBQUERY-RELEASE-20260627	amiga_manufacturers	4	/media/fat/mister-magik/library.sqlite3	19615744	4acc3fb5cad4a301	1358		3032	39732	39753	105	44522	1	2	37
DBQUERY-RELEASE-20260627	amiga_manufacturers	5	/media/fat/mister-magik/library.sqlite3	19615744	4acc3fb5cad4a301	1368		2818	27247	27267	91	31908	1	2	37
DBQUERY-RELEASE-20260627	amiga_categories	1	/media/fat/mister-magik/library.sqlite3	19615744	33398d0e318d5bbc	1321		2831	29150	29428	102	34061	3	2	68
DBQUERY-RELEASE-20260627	amiga_categories	2	/media/fat/mister-magik/library.sqlite3	19615744	33398d0e318d5bbc	1216		2849	28945	29281	99	33754	3	2	68
DBQUERY-RELEASE-20260627	amiga_categories	3	/media/fat/mister-magik/library.sqlite3	19615744	33398d0e318d5bbc	1265		2984	28846	29084	281	33925	3	2	68
DBQUERY-RELEASE-20260627	amiga_categories	4	/media/fat/mister-magik/library.sqlite3	19615744	33398d0e318d5bbc	1394		2905	28751	28985	94	33674	3	2	68
DBQUERY-RELEASE-20260627	amiga_categories	5	/media/fat/mister-magik/library.sqlite3	19615744	33398d0e318d5bbc	1325		2864	28970	29224	93	33823	3	2	68
DBQUERY-RELEASE-20260627	all_decades	1	/media/fat/mister-magik/library.sqlite3	19615744	32caeb26e8ab8816	1425		2795	24121	25726	201	30536	11	3	184
DBQUERY-RELEASE-20260627	all_decades	2	/media/fat/mister-magik/library.sqlite3	19615744	32caeb26e8ab8816	1259		2987	24053	25657	160	30528	11	3	184
DBQUERY-RELEASE-20260627	all_decades	3	/media/fat/mister-magik/library.sqlite3	19615744	32caeb26e8ab8816	1257		2903	23754	25263	152	29883	11	3	184
DBQUERY-RELEASE-20260627	all_decades	4	/media/fat/mister-magik/library.sqlite3	19615744	32caeb26e8ab8816	1375		2840	24095	25710	169	30408	11	3	184
DBQUERY-RELEASE-20260627	all_decades	5	/media/fat/mister-magik/library.sqlite3	19615744	32caeb26e8ab8816	1303		2993	24095	25613	149	30475	11	3	184
DBQUERY-RELEASE-20260627	all_manufacturers	1	/media/fat/mister-magik/library.sqlite3	19615744	68c4e9e6b75e17a6	1261		2930	35683	38950	1462	45983	238	3	6187
DBQUERY-RELEASE-20260627	all_manufacturers	2	/media/fat/mister-magik/library.sqlite3	19615744	68c4e9e6b75e17a6	1299		2842	35753	38889	1494	45885	238	3	6187
DBQUERY-RELEASE-20260627	all_manufacturers	3	/media/fat/mister-magik/library.sqlite3	19615744	68c4e9e6b75e17a6	1315		2882	35908	39213	1579	46267	238	3	6187
DBQUERY-RELEASE-20260627	all_manufacturers	4	/media/fat/mister-magik/library.sqlite3	19615744	68c4e9e6b75e17a6	1358		2791	35681	38995	1601	46044	238	3	6187
DBQUERY-RELEASE-20260627	all_manufacturers	5	/media/fat/mister-magik/library.sqlite3	19615744	68c4e9e6b75e17a6	1373		2822	35909	39164	1604	46278	238	3	6187
DBQUERY-RELEASE-20260627	all_categories	1	/media/fat/mister-magik/library.sqlite3	19615744	a0654713b57f3ec3	1283		2876	37031	38768	608	44109	72	3	1694
DBQUERY-RELEASE-20260627	all_categories	2	/media/fat/mister-magik/library.sqlite3	19615744	a0654713b57f3ec3	1349		3006	36738	38303	593	43801	72	3	1694
DBQUERY-RELEASE-20260627	all_categories	3	/media/fat/mister-magik/library.sqlite3	19615744	a0654713b57f3ec3	1281		2903	36187	37896	461	43173	72	3	1694
DBQUERY-RELEASE-20260627	all_categories	4	/media/fat/mister-magik/library.sqlite3	19615744	a0654713b57f3ec3	1345		2846	36344	37999	554	43362	72	3	1694
DBQUERY-RELEASE-20260627	all_categories	5	/media/fat/mister-magik/library.sqlite3	19615744	a0654713b57f3ec3	1270		2958	36291	37938	517	43377	72	3	1694
