label	effect	frames	fps	avg_wall_us	p95_wall_us	p99_wall_us	slow_gt_16_7ms	slow_gt_20ms	avg_cpu_pct	p95_cpu_pct	max_trace_cpu_pct	max_sample_cpu_pct	avg_cpu_us	p95_cpu_us	avg_draw_us	p95_draw_us	avg_present_us	p95_present_us	avg_vsync_us	p95_vsync_us	avg_clear_us	p95_clear_us	avg_background_us	p95_background_us	avg_projection_us	p95_projection_us	avg_image_blit_us	p95_image_blit_us	avg_sprite_us	p95_sprite_us	avg_post_us	p95_post_us	avg_hud_us	p95_hud_us	rss_hwm_kb	visual_ok	date	notes
CAMERA-FX-SMOKE	multi-layer-parallax	44	43.9	22758	22769	24293	44	44	100	100	102	105	22916	22962	21359	21352	1333	1351	9262	16639	596	644	713	749	0	0	20049	20057	0	0	0	0	0	0	20036	not-run	2026-06-12T20:54:55Z	fb_format=565; preview_format=raw-rgb565; mode=mega; segment_secs=1
CAMERA-FX-SMOKE	foreground-silhouettes	44	43.9	22785	22815	24241	44	44	100	100	100	105	22931	23009	21392	21442	1326	1340	8030	14809	587	626	720	761	0	0	20073	20103	10	13	0	0	0	0	20036	not-run	2026-06-12T20:54:55Z	fb_format=565; preview_format=raw-rgb565; mode=mega; segment_secs=1
CAMERA-FX-SMOKE	fixed-starfield-scroll	43	43.7	22903	22900	23967	43	43	100	100	101	105	23053	23154	21482	21493	1352	1361	8220	15245	593	633	722	803	0	0	20044	20063	122	162	0	0	0	0	20036	not-run	2026-06-12T20:54:55Z	fb_format=565; preview_format=raw-rgb565; mode=mega; segment_secs=1
CAMERA-FX-SMOKE	sprite-starfield	61	62.1	16101	16554	16749	2	0	21	23	100	105	3325	3368	1629	1652	1517	1573	16277	16653	627	664	746	763	0	0	0	0	255	313	0	0	0	0	20036	not-run	2026-06-12T20:54:55Z	fb_format=565; preview_format=raw-rgb565; mode=mega; segment_secs=1
CAMERA-FX-SMOKE	line-scroll-depth-bands	31	31.3	31906	32084	32519	31	31	99	100	100	105	32018	32103	30434	30649	1398	1416	10706	16651	625	672	8748	8808	0	0	21060	21145	0	0	0	0	0	0	20036	not-run	2026-06-12T20:54:55Z	fb_format=565; preview_format=raw-rgb565; mode=mega; segment_secs=1
CAMERA-FX-SMOKE	column-scroll-shimmer	15	15.0	66675	67526	67526	15	15	100	100	100	105	66780	67667	65238	66118	1363	1337	4774	5337	623	654	0	0	0	0	64615	65264	0	0	0	0	0	0	20036	not-run	2026-06-12T20:54:55Z	fb_format=565; preview_format=raw-rgb565; mode=mega; segment_secs=1
CAMERA-FX-SMOKE	row-scroll-water	30	30.4	32856	32853	34426	30	30	100	100	100	105	32970	32953	31377	31404	1409	1430	6452	16122	619	661	763	828	29994	30053	0	0	0	0	0	0	0	0	20036	not-run	2026-06-12T20:54:55Z	fb_format=565; preview_format=raw-rgb565; mode=mega; segment_secs=1
CAMERA-FX-SMOKE	heat-haze-raster	30	30.3	33030	33043	35184	30	30	99	100	100	105	33142	33179	31581	31575	1370	1391	10662	14268	619	651	727	755	0	0	21056	21107	0	0	9177	9181	0	0	20036	not-run	2026-06-12T20:54:55Z	fb_format=565; preview_format=raw-rgb565; mode=mega; segment_secs=1
CAMERA-FX-SMOKE	perspective-road	61	61.2	16328	16525	16698	2	0	38	41	70	105	6315	6540	4632	4810	1497	1533	16512	16652	616	648	736	773	3258	3435	0	0	21	23	0	0	0	0	20036	not-run	2026-06-12T20:54:55Z	fb_format=565; preview_format=raw-rgb565; mode=mega; segment_secs=1
CAMERA-FX-SMOKE	checkerboard-floor	47	47.1	21227	21392	22827	47	47	100	101	101	105	21364	21537	19705	19828	1461	1490	9186	16647	607	659	740	837	18357	18401	0	0	0	0	0	0	0	0	20036	not-run	2026-06-12T20:54:55Z	fb_format=565; preview_format=raw-rgb565; mode=mega; segment_secs=1
CAMERA-FX-SMOKE	tube-scaling	36	36.8	27203	29981	30612	36	36	100	100	100	105	27330	30107	25937	28714	1209	1224	8456	16169	579	628	671	727	24686	27481	0	0	0	0	0	0	0	0	20036	not-run	2026-06-12T20:54:55Z	fb_format=565; preview_format=raw-rgb565; mode=mega; segment_secs=1
CAMERA-FX-SMOKE	rotating-tunnel-rings	36	36.0	27805	31109	31557	36	36	100	100	100	105	27935	31239	26520	29834	1223	1239	8443	16639	581	610	684	713	990	1048	24264	27535	0	0	0	0	0	0	20036	not-run	2026-06-12T20:54:55Z	fb_format=565; preview_format=raw-rgb565; mode=mega; segment_secs=1
CAMERA-FX-SMOKE	pseudo3d-horizon-bend	23	22.7	44075	44315	45961	23	23	100	100	100	105	44257	44516	42469	42709	1526	1538	9304	15276	606	621	38654	38924	3209	3215	0	0	0	0	0	0	0	0	20036	not-run	2026-06-12T20:54:55Z	fb_format=565; preview_format=raw-rgb565; mode=mega; segment_secs=1
CAMERA-FX-SMOKE	mode7-rotating-floor	34	35.2	28397	28546	32727	34	34	99	100	100	105	28451	28674	26940	27072	1395	1429	8934	16473	598	632	726	764	25616	25724	0	0	0	0	0	0	0	0	20036	not-run	2026-06-12T20:54:55Z	fb_format=565; preview_format=raw-rgb565; mode=mega; segment_secs=1
CAMERA-FX-SMOKE	rotate-zoom-background	19	18.9	52822	53151	53151	19	19	100	100	100	105	52978	53336	51369	51703	1385	1415	7210	15196	590	630	697	745	50081	50447	0	0	0	0	0	0	0	0	20036	not-run	2026-06-12T20:54:55Z	fb_format=565; preview_format=raw-rgb565; mode=mega; segment_secs=1
CAMERA-FX-SMOKE	infinite-cloud-bank	61	62.0	16123	16495	16529	1	0	23	23	100	105	3749	3776	2098	2126	1477	1510	16599	16654	610	649	1487	1548	0	0	0	0	0	0	0	0	0	0	20036	not-run	2026-06-12T20:54:55Z	fb_format=565; preview_format=raw-rgb565; mode=mega; segment_secs=1
CAMERA-FX-SMOKE	city-lights-parallax	60	60.9	16430	16510	16671	2	0	24	25	35	105	4167	4227	2521	2559	1473	1492	16643	16654	614	658	1776	1821	0	0	0	0	130	173	0	0	0	0	20036	not-run	2026-06-12T20:54:55Z	fb_format=565; preview_format=raw-rgb565; mode=mega; segment_secs=1
CAMERA-FX-SMOKE	rain-snow-layers	41	41.3	24229	24223	26488	41	41	99	100	100	105	24319	24373	22823	22824	1334	1373	12059	16660	616	654	752	807	0	0	21107	21098	347	368	0	0	0	0	20036	not-run	2026-06-12T20:54:55Z	fb_format=565; preview_format=raw-rgb565; mode=mega; segment_secs=1
CAMERA-FX-SMOKE	foreground-obstruction-wipe	40	40.5	24718	27035	27149	40	40	99	100	100	105	24830	27137	23297	25014	1338	1409	10334	16649	619	670	756	790	0	0	21095	22555	826	942	0	0	0	0	20036	not-run	2026-06-12T20:54:55Z	fb_format=565; preview_format=raw-rgb565; mode=mega; segment_secs=1
CAMERA-FX-SMOKE	isometric-tile-drift	61	62.0	16136	16496	16546	1	0	33	33	100	105	5296	5362	3686	3755	1432	1460	16443	16652	618	653	762	772	2305	2400	0	0	0	0	0	0	0	0	20036	not-run	2026-06-12T20:54:55Z	fb_format=565; preview_format=raw-rgb565; mode=mega; segment_secs=1
RGB888-REMOVE-BEFORE	multi-layer-parallax	125	41.8	23915	25512	27458	125	125	99	100	102	105	24006	25525	22518	23901	1328	1402	9893	16660	621	636	690	745	0	0	21205	21819	0	0	0	0	0	0	20384	not-run	2026-06-15T08:09:53Z	fb_format=565; preview_format=raw-rgb565; mode=mega; segment_secs=3
RGB888-REMOVE-BEFORE	foreground-silhouettes	124	41.9	23874	24036	26727	124	124	99	100	100	105	23956	24176	22487	22659	1316	1341	10120	16657	613	664	683	711	0	0	21165	21290	24	36	0	0	0	0	20384	not-run	2026-06-15T08:09:53Z	fb_format=565; preview_format=raw-rgb565; mode=mega; segment_secs=3
RGB888-REMOVE-BEFORE	fixed-starfield-scroll	124	41.8	23925	23930	26436	124	124	99	100	100	105	24009	24035	22543	22579	1311	1322	10001	16656	607	623	662	683	0	0	21148	21206	124	143	0	0	0	0	20384	not-run	2026-06-15T08:09:53Z	fb_format=565; preview_format=raw-rgb565; mode=mega; segment_secs=3
RGB888-REMOVE-BEFORE	sprite-starfield	182	61.4	16288	16497	16796	3	0	18	18	101	105	2884	2971	1448	1480	1294	1331	16539	16650	577	599	643	659	0	0	0	0	226	249	0	0	0	0	20384	not-run	2026-06-15T08:09:53Z	fb_format=565; preview_format=raw-rgb565; mode=mega; segment_secs=3
RGB888-REMOVE-BEFORE	line-scroll-depth-bands	98	32.9	30403	30561	34113	98	98	99	100	100	105	30484	30577	29091	29230	1249	1263	8395	16258	583	607	8289	8335	0	0	20218	20292	0	0	0	0	0	0	20384	not-run	2026-06-15T08:09:53Z	fb_format=565; preview_format=raw-rgb565; mode=mega; segment_secs=3
RGB888-REMOVE-BEFORE	column-scroll-shimmer	47	15.7	63530	64325	68237	47	47	99	100	100	105	63624	64462	62267	63081	1205	1210	7842	15658	579	597	0	0	0	0	61687	62071	0	0	0	0	0	0	20384	not-run	2026-06-15T08:09:53Z	fb_format=565; preview_format=raw-rgb565; mode=mega; segment_secs=3
RGB888-REMOVE-BEFORE	row-scroll-water	96	32.0	31208	32700	33703	96	96	99	100	100	105	31306	32715	29904	30941	1247	1289	8472	15550	584	602	654	683	28665	29565	0	0	0	0	0	0	0	0	20384	not-run	2026-06-15T08:09:53Z	fb_format=565; preview_format=raw-rgb565; mode=mega; segment_secs=3
RGB888-REMOVE-BEFORE	heat-haze-raster	95	32.0	31276	31334	35108	95	95	99	100	100	105	31396	31494	29937	30004	1271	1294	8204	15875	578	615	651	705	0	0	20203	20301	0	0	8503	8500	0	0	20384	not-run	2026-06-15T08:09:53Z	fb_format=565; preview_format=raw-rgb565; mode=mega; segment_secs=3
RGB888-REMOVE-BEFORE	perspective-road	181	61.3	16320	16493	16734	4	0	35	36	100	105	5768	5938	4281	4342	1345	1381	16580	16654	609	632	676	690	2965	3033	0	0	30	37	0	0	0	0	20384	not-run	2026-06-15T08:09:53Z	fb_format=565; preview_format=raw-rgb565; mode=mega; segment_secs=3
RGB888-REMOVE-BEFORE	checkerboard-floor	136	45.7	21883	22829	24731	136	136	99	100	100	105	21951	22789	20449	20858	1372	1401	10133	16664	613	637	687	723	19148	19522	0	0	0	0	0	0	0	0	20384	not-run	2026-06-15T08:09:53Z	fb_format=565; preview_format=raw-rgb565; mode=mega; segment_secs=3
RGB888-REMOVE-BEFORE	tube-scaling	110	37.0	27052	31141	32267	110	110	99	100	100	105	27134	31240	25723	29835	1263	1279	9060	16644	602	618	663	713	24456	28580	0	0	0	0	0	0	0	0	20384	not-run	2026-06-15T08:09:53Z	fb_format=565; preview_format=raw-rgb565; mode=mega; segment_secs=3
RGB888-REMOVE-BEFORE	rotating-tunnel-rings	107	36.1	27675	32397	33174	107	107	99	100	100	105	27756	32508	26346	31052	1259	1283	9811	16641	601	615	658	704	1151	1223	23935	28308	0	0	0	0	0	0	20384	not-run	2026-06-15T08:09:53Z	fb_format=565; preview_format=raw-rgb565; mode=mega; segment_secs=3
RGB888-REMOVE-BEFORE	pseudo3d-horizon-bend	66	22.1	45255	46586	48230	66	66	99	100	100	105	45341	46696	43749	45055	1427	1447	8787	16401	612	626	40132	41055	3004	3009	0	0	0	0	0	0	0	0	20384	not-run	2026-06-15T08:09:53Z	fb_format=565; preview_format=raw-rgb565; mode=mega; segment_secs=3
RGB888-REMOVE-BEFORE	mode7-rotating-floor	103	34.4	29084	30157	31836	103	103	99	100	100	105	29166	30140	27688	28315	1332	1347	9956	16639	608	626	691	720	26388	27056	0	0	0	0	0	0	0	0	20384	not-run	2026-06-15T08:09:53Z	fb_format=565; preview_format=raw-rgb565; mode=mega; segment_secs=3
RGB888-REMOVE-BEFORE	rotate-zoom-background	56	18.7	53430	55210	55413	56	56	99	100	100	105	53515	55362	52003	53811	1352	1379	9247	16645	612	640	673	715	50717	52567	0	0	0	0	0	0	0	0	20384	not-run	2026-06-15T08:09:53Z	fb_format=565; preview_format=raw-rgb565; mode=mega; segment_secs=3
RGB888-REMOVE-BEFORE	infinite-cloud-bank	180	61.2	16330	16512	16877	3	0	21	23	100	105	3425	3551	1972	2012	1311	1365	16602	16655	595	617	1376	1430	0	0	0	0	0	0	0	0	0	0	20384	not-run	2026-06-15T08:09:53Z	fb_format=565; preview_format=raw-rgb565; mode=mega; segment_secs=3
RGB888-REMOVE-BEFORE	city-lights-parallax	180	60.8	16446	16508	17027	4	0	24	26	38	105	4095	4412	2677	2778	1285	1324	16643	16654	604	620	1948	2047	0	0	0	0	124	142	0	0	0	0	20384	not-run	2026-06-15T08:09:53Z	fb_format=565; preview_format=raw-rgb565; mode=mega; segment_secs=3
RGB888-REMOVE-BEFORE	rain-snow-layers	123	41.4	24166	24273	27046	123	123	99	100	100	105	24254	24399	22821	22933	1274	1287	9790	16651	615	672	682	717	0	0	21162	21262	360	377	0	0	0	0	20384	not-run	2026-06-15T08:09:53Z	fb_format=565; preview_format=raw-rgb565; mode=mega; segment_secs=3
RGB888-REMOVE-BEFORE	foreground-obstruction-wipe	120	40.4	24740	25975	27997	120	120	99	100	100	105	24827	26058	23384	24536	1279	1301	8774	16657	615	686	681	728	0	0	21167	21464	919	1073	0	0	0	0	20384	not-run	2026-06-15T08:09:53Z	fb_format=565; preview_format=raw-rgb565; mode=mega; segment_secs=3
RGB888-REMOVE-BEFORE	isometric-tile-drift	182	61.4	16283	16520	16842	4	0	30	31	102	105	4907	5118	3491	3622	1281	1330	16492	16652	597	616	658	680	2235	2365	0	0	0	0	0	0	0	0	20384	not-run	2026-06-15T08:09:53Z	fb_format=565; preview_format=raw-rgb565; mode=mega; segment_secs=3
RGB888-REMOVE-AFTER	multi-layer-parallax	124	41.6	24057	24488	26874	124	124	99	100	101	104	24159	24830	22616	22957	1366	1388	10464	16660	614	676	741	806	0	0	21261	21494	0	0	0	0	0	0	20556	not-run	2026-06-15T08:22:43Z	fb_format=565; preview_format=raw-rgb565; mode=mega; segment_secs=3
RGB888-REMOVE-AFTER	foreground-silhouettes	123	41.6	24048	24083	27100	123	123	99	100	100	104	24150	24191	22611	22648	1359	1381	10303	16658	608	654	734	797	0	0	21248	21341	20	32	0	0	0	0	20556	not-run	2026-06-15T08:22:43Z	fb_format=565; preview_format=raw-rgb565; mode=mega; segment_secs=3
RGB888-REMOVE-AFTER	fixed-starfield-scroll	123	41.4	24153	24274	26938	123	123	99	100	100	104	24254	24370	22714	22791	1359	1383	10327	16654	611	655	722	804	0	0	21246	21356	133	182	0	0	0	0	20556	not-run	2026-06-15T08:22:43Z	fb_format=565; preview_format=raw-rgb565; mode=mega; segment_secs=3
RGB888-REMOVE-AFTER	sprite-starfield	182	61.2	16330	16528	16775	6	0	19	20	100	104	3215	3355	1570	1621	1467	1529	16620	16655	599	641	728	761	0	0	0	0	242	285	0	0	0	0	20556	not-run	2026-06-15T08:22:43Z	fb_format=565; preview_format=raw-rgb565; mode=mega; segment_secs=3
RGB888-REMOVE-AFTER	line-scroll-depth-bands	98	32.8	30493	30690	33105	98	98	99	100	101	104	30634	30732	29116	29328	1306	1334	8965	16537	576	627	8317	8359	0	0	20221	20307	0	0	0	0	0	0	20556	not-run	2026-06-15T08:22:43Z	fb_format=565; preview_format=raw-rgb565; mode=mega; segment_secs=3
RGB888-REMOVE-AFTER	column-scroll-shimmer	47	15.8	63469	65900	67754	47	47	99	100	100	104	63573	65761	62131	64127	1270	1288	8392	15498	594	625	0	0	0	0	61537	63368	0	0	0	0	0	0	20556	not-run	2026-06-15T08:22:43Z	fb_format=565; preview_format=raw-rgb565; mode=mega; segment_secs=3
RGB888-REMOVE-AFTER	row-scroll-water	95	31.8	31410	31746	34347	95	95	99	100	100	104	31552	31927	30008	30188	1332	1354	8761	16496	594	648	713	803	28700	28731	0	0	0	0	0	0	0	0	20556	not-run	2026-06-15T08:22:43Z	fb_format=565; preview_format=raw-rgb565; mode=mega; segment_secs=3
RGB888-REMOVE-AFTER	heat-haze-raster	94	31.7	31581	33661	34306	94	94	99	100	100	104	31709	33706	30204	31973	1302	1336	8186	15461	580	641	706	749	0	0	20269	20339	0	0	8646	8776	0	0	20556	not-run	2026-06-15T08:22:43Z	fb_format=565; preview_format=raw-rgb565; mode=mega; segment_secs=3
RGB888-REMOVE-AFTER	perspective-road	182	61.5	16250	16497	16756	5	0	36	37	101	104	5917	6124	4321	4430	1421	1465	16524	16654	593	658	715	751	2990	3083	0	0	21	28	0	0	0	0	20556	not-run	2026-06-15T08:22:43Z	fb_format=565; preview_format=raw-rgb565; mode=mega; segment_secs=3
RGB888-REMOVE-AFTER	checkerboard-floor	141	47.5	21070	21119	23351	141	141	100	100	101	104	21198	21311	19626	19675	1378	1418	9413	16651	578	627	697	772	18349	18408	0	0	0	0	0	0	0	0	20556	not-run	2026-06-15T08:22:43Z	fb_format=565; preview_format=raw-rgb565; mode=mega; segment_secs=3
RGB888-REMOVE-AFTER	tube-scaling	115	38.8	25781	30480	31806	115	115	99	100	100	104	25890	30607	24557	29257	1161	1172	9314	16513	557	629	657	699	23342	28085	0	0	0	0	0	0	0	0	20556	not-run	2026-06-15T08:22:43Z	fb_format=565; preview_format=raw-rgb565; mode=mega; segment_secs=3
RGB888-REMOVE-AFTER	rotating-tunnel-rings	114	38.1	26248	31016	31617	114	114	99	100	101	104	26361	31176	25026	29791	1159	1178	8721	15899	561	618	647	683	948	1046	22869	27289	0	0	0	0	0	0	20556	not-run	2026-06-15T08:22:43Z	fb_format=565; preview_format=raw-rgb565; mode=mega; segment_secs=3
RGB888-REMOVE-AFTER	pseudo3d-horizon-bend	68	23.0	43567	44522	46441	68	68	99	100	100	104	43723	44529	42044	42662	1437	1470	8840	16197	591	623	38574	39072	2879	2885	0	0	0	0	0	0	0	0	20556	not-run	2026-06-15T08:22:43Z	fb_format=565; preview_format=raw-rgb565; mode=mega; segment_secs=3
RGB888-REMOVE-AFTER	mode7-rotating-floor	106	35.4	28272	29174	31302	106	106	99	100	100	104	28383	29218	26863	27751	1340	1418	8512	15555	580	638	711	781	25572	26340	0	0	0	0	0	0	0	0	20556	not-run	2026-06-15T08:22:43Z	fb_format=565; preview_format=raw-rgb565; mode=mega; segment_secs=3
RGB888-REMOVE-AFTER	rotate-zoom-background	56	18.7	53567	55473	56142	56	56	99	100	100	104	53674	55603	52097	54012	1393	1416	7913	15277	615	687	690	788	50791	52719	0	0	0	0	0	0	0	0	20556	not-run	2026-06-15T08:22:43Z	fb_format=565; preview_format=raw-rgb565; mode=mega; segment_secs=3
RGB888-REMOVE-AFTER	infinite-cloud-bank	180	61.3	16314	16543	16689	5	0	22	23	100	104	3696	3832	2060	2121	1452	1507	16575	16654	605	651	1455	1527	0	0	0	0	0	0	0	0	0	0	20556	not-run	2026-06-15T08:22:43Z	fb_format=565; preview_format=raw-rgb565; mode=mega; segment_secs=3
RGB888-REMOVE-AFTER	city-lights-parallax	180	60.8	16434	16537	16774	3	0	24	25	37	104	4096	4209	2484	2558	1437	1496	16606	16652	608	653	1750	1824	0	0	0	0	125	161	0	0	0	0	20556	not-run	2026-06-15T08:22:43Z	fb_format=565; preview_format=raw-rgb565; mode=mega; segment_secs=3
RGB888-REMOVE-AFTER	rain-snow-layers	122	41.0	24375	24443	27513	122	122	99	100	100	104	24477	24605	22983	23015	1316	1334	11314	16665	614	655	747	803	0	0	21272	21364	349	375	0	0	0	0	20556	not-run	2026-06-15T08:22:43Z	fb_format=565; preview_format=raw-rgb565; mode=mega; segment_secs=3
RGB888-REMOVE-AFTER	foreground-obstruction-wipe	119	40.2	24881	26622	27862	119	119	99	100	100	104	24990	26630	23486	25211	1310	1346	10535	16658	623	675	743	833	0	0	21262	22367	856	1023	0	0	0	0	20556	not-run	2026-06-15T08:22:43Z	fb_format=565; preview_format=raw-rgb565; mode=mega; segment_secs=3
RGB888-REMOVE-AFTER	isometric-tile-drift	182	61.4	16287	16516	16813	3	0	31	33	101	104	5148	5333	3573	3734	1401	1467	16580	16653	601	647	725	758	2246	2415	0	0	0	0	0	0	0	0	20556	not-run	2026-06-15T08:22:43Z	fb_format=565; preview_format=raw-rgb565; mode=mega; segment_secs=3
CAMERA-SCAFFOLD-BEFORE	multi-layer-parallax	83	41.6	24039	24068	26655	83	83	99	100	100	105	24145	24231	22591	22639	1374	1390	10869	16659	622	654	746	807	0	0	21223	21295	0	0	0	0	0	0	20068	not-run	2026-06-15T09:03:56Z	fb_format=565; preview_format=raw-rgb565; mode=mega; segment_secs=2
CAMERA-SCAFFOLD-BEFORE	foreground-silhouettes	82	41.5	24085	24168	26923	82	82	99	100	101	105	24196	24312	22625	22723	1375	1400	10248	16652	616	665	740	769	0	0	21250	21369	18	29	0	0	0	0	20068	not-run	2026-06-15T09:03:56Z	fb_format=565; preview_format=raw-rgb565; mode=mega; segment_secs=2
CAMERA-SCAFFOLD-BEFORE	fixed-starfield-scroll	82	41.3	24201	24207	26592	82	82	99	100	100	105	24311	24358	22743	22809	1381	1396	10194	16653	623	658	739	797	0	0	21248	21342	131	174	0	0	0	0	20068	not-run	2026-06-15T09:03:56Z	fb_format=565; preview_format=raw-rgb565; mode=mega; segment_secs=2
CAMERA-SCAFFOLD-BEFORE	sprite-starfield	121	61.7	16205	16486	16748	3	0	20	21	102	105	3288	3362	1601	1661	1502	1552	16533	16657	625	675	731	754	0	0	0	0	244	312	0	0	0	0	20068	not-run	2026-06-15T09:03:56Z	fb_format=565; preview_format=raw-rgb565; mode=mega; segment_secs=2
CAMERA-SCAFFOLD-BEFORE	line-scroll-depth-bands	65	32.7	30561	30948	32228	65	65	99	100	100	105	30708	31171	29171	29546	1319	1337	9071	16579	598	645	8316	8413	0	0	20256	20492	0	0	0	0	0	0	20068	not-run	2026-06-15T09:03:56Z	fb_format=565; preview_format=raw-rgb565; mode=mega; segment_secs=2
CAMERA-SCAFFOLD-BEFORE	column-scroll-shimmer	32	15.8	63370	63204	67604	32	32	100	100	100	105	63506	63366	62039	61906	1267	1293	8438	14852	583	622	0	0	0	0	61455	61347	0	0	0	0	0	0	20068	not-run	2026-06-15T09:03:56Z	fb_format=565; preview_format=raw-rgb565; mode=mega; segment_secs=2
CAMERA-SCAFFOLD-BEFORE	row-scroll-water	63	31.8	31407	31397	33706	63	63	100	100	100	105	31551	31583	30014	30018	1327	1348	8336	15379	598	638	727	759	28687	28716	0	0	0	0	0	0	0	0	20068	not-run	2026-06-15T09:03:56Z	fb_format=565; preview_format=raw-rgb565; mode=mega; segment_secs=2
CAMERA-SCAFFOLD-BEFORE	heat-haze-raster	62	31.7	31584	31681	34181	62	62	100	100	100	105	31729	31835	30199	30318	1311	1340	8856	16074	584	624	703	742	0	0	20259	20324	0	0	8652	8693	0	0	20068	not-run	2026-06-15T09:03:56Z	fb_format=565; preview_format=raw-rgb565; mode=mega; segment_secs=2
CAMERA-SCAFFOLD-BEFORE	perspective-road	121	61.3	16300	16502	16774	4	0	37	37	100	105	6132	6231	4429	4487	1520	1573	16624	16655	627	671	755	799	3026	3100	0	0	20	25	0	0	0	0	20068	not-run	2026-06-15T09:03:56Z	fb_format=565; preview_format=raw-rgb565; mode=mega; segment_secs=2
CAMERA-SCAFFOLD-BEFORE	checkerboard-floor	89	45.0	22214	22347	24843	89	89	100	100	101	105	22322	22525	20618	20724	1529	1573	11737	16668	638	717	763	831	19215	19294	0	0	0	0	0	0	0	0	20068	not-run	2026-06-15T09:03:56Z	fb_format=565; preview_format=raw-rgb565; mode=mega; segment_secs=2
CAMERA-SCAFFOLD-BEFORE	tube-scaling	73	36.9	27126	31456	32534	73	73	99	100	100	105	27226	31555	25781	30120	1274	1285	8602	16649	610	647	721	789	24449	28477	0	0	0	0	0	0	0	0	20068	not-run	2026-06-15T09:03:56Z	fb_format=565; preview_format=raw-rgb565; mode=mega; segment_secs=2
CAMERA-SCAFFOLD-BEFORE	rotating-tunnel-rings	72	36.1	27695	31788	33121	72	72	99	100	100	105	27794	31907	26343	30214	1277	1290	10649	16655	604	639	717	748	1042	1125	23978	27848	0	0	0	0	0	0	20068	not-run	2026-06-15T09:03:56Z	fb_format=565; preview_format=raw-rgb565; mode=mega; segment_secs=2
CAMERA-SCAFFOLD-BEFORE	pseudo3d-horizon-bend	44	22.0	45418	47188	48070	44	44	99	100	100	105	45542	47326	43742	45390	1575	1593	9582	16636	639	664	40069	41375	3032	3039	0	0	0	0	0	0	0	0	20068	not-run	2026-06-15T09:03:56Z	fb_format=565; preview_format=raw-rgb565; mode=mega; segment_secs=2
CAMERA-SCAFFOLD-BEFORE	mode7-rotating-floor	67	34.1	29367	29509	32529	67	67	99	100	100	105	29479	29571	27828	28014	1467	1497	9405	16655	625	663	762	852	26440	26640	0	0	0	0	0	0	0	0	20068	not-run	2026-06-15T09:03:56Z	fb_format=565; preview_format=raw-rgb565; mode=mega; segment_secs=2
CAMERA-SCAFFOLD-BEFORE	rotate-zoom-background	37	18.3	54630	55968	57174	37	37	99	100	100	105	54749	56080	53088	54469	1462	1503	9737	16634	631	676	728	756	51728	53158	0	0	0	0	0	0	0	0	20068	not-run	2026-06-15T09:03:56Z	fb_format=565; preview_format=raw-rgb565; mode=mega; segment_secs=2
CAMERA-SCAFFOLD-BEFORE	infinite-cloud-bank	120	61.8	16178	16511	16621	2	0	23	23	104	105	3702	3800	2048	2123	1470	1527	16403	16655	608	657	1439	1528	0	0	0	0	0	0	0	0	0	0	20068	not-run	2026-06-15T09:03:56Z	fb_format=565; preview_format=raw-rgb565; mode=mega; segment_secs=2
CAMERA-SCAFFOLD-BEFORE	city-lights-parallax	120	60.9	16433	16523	16571	2	0	24	25	39	105	4087	4222	2472	2551	1442	1496	16639	16656	613	654	1734	1814	0	0	0	0	124	151	0	0	0	0	20068	not-run	2026-06-15T09:03:56Z	fb_format=565; preview_format=raw-rgb565; mode=mega; segment_secs=2
CAMERA-SCAFFOLD-BEFORE	rain-snow-layers	85	42.9	23291	23436	26733	85	85	99	100	101	105	23426	23546	21950	22105	1270	1301	8870	16639	605	673	731	817	0	0	20285	20492	327	347	0	0	0	0	20068	not-run	2026-06-15T09:03:56Z	fb_format=565; preview_format=raw-rgb565; mode=mega; segment_secs=2
CAMERA-SCAFFOLD-BEFORE	foreground-obstruction-wipe	84	42.2	23703	23794	26232	84	84	100	100	101	105	23855	24014	22365	22437	1262	1290	8792	16102	603	664	733	809	0	0	20240	20260	787	897	0	0	0	0	20068	not-run	2026-06-15T09:03:56Z	fb_format=565; preview_format=raw-rgb565; mode=mega; segment_secs=2
CAMERA-SCAFFOLD-BEFORE	isometric-tile-drift	121	61.6	16236	16508	16644	2	0	32	33	102	105	5148	5295	3580	3759	1392	1439	16561	16652	605	645	727	764	2247	2385	0	0	0	0	0	0	0	0	20068	not-run	2026-06-15T09:03:56Z	fb_format=565; preview_format=raw-rgb565; mode=mega; segment_secs=2
CAMERA-SCAFFOLD-AFTER	multi-layer-parallax	83	41.7	23972	24274	27162	83	83	99	100	102	105	24073	24828	22540	22844	1358	1384	10228	16662	594	629	692	744	0	0	21252	21311	0	0	0	0	0	0	20272	not-run	2026-06-15T09:21:43Z	fb_format=565; preview_format=raw-rgb565; mode=mega; segment_secs=2
CAMERA-SCAFFOLD-AFTER	foreground-silhouettes	83	41.7	23979	24061	26947	83	83	99	100	100	105	24081	24228	22551	22666	1352	1374	9809	16653	601	651	684	746	0	0	21246	21374	18	30	0	0	0	0	20272	not-run	2026-06-15T09:21:43Z	fb_format=565; preview_format=raw-rgb565; mode=mega; segment_secs=2
CAMERA-SCAFFOLD-AFTER	fixed-starfield-scroll	82	41.5	24075	24148	27160	82	82	99	100	100	105	24170	24286	22644	22762	1355	1383	10773	16659	594	636	667	693	0	0	21251	21421	131	174	0	0	0	0	20272	not-run	2026-06-15T09:21:43Z	fb_format=565; preview_format=raw-rgb565; mode=mega; segment_secs=2
CAMERA-SCAFFOLD-AFTER	sprite-starfield	121	61.5	16266	16505	16661	2	0	19	19	100	105	3091	3207	1492	1547	1431	1493	16491	16650	586	624	669	691	0	0	0	0	236	304	0	0	0	0	20272	not-run	2026-06-15T09:21:43Z	fb_format=565; preview_format=raw-rgb565; mode=mega; segment_secs=2
CAMERA-SCAFFOLD-AFTER	line-scroll-depth-bands	65	32.9	30440	30542	32470	65	65	99	100	100	105	30574	30656	29068	29193	1304	1320	8243	15859	564	599	8294	8335	0	0	20209	20268	0	0	0	0	0	0	20272	not-run	2026-06-15T09:21:43Z	fb_format=565; preview_format=raw-rgb565; mode=mega; segment_secs=2
CAMERA-SCAFFOLD-AFTER	column-scroll-shimmer	32	15.8	63329	65252	65695	32	32	99	100	100	105	63438	65218	61997	63964	1268	1282	8600	15489	580	646	0	0	0	0	61417	63139	0	0	0	0	0	0	20272	not-run	2026-06-15T09:21:43Z	fb_format=565; preview_format=raw-rgb565; mode=mega; segment_secs=2
CAMERA-SCAFFOLD-AFTER	row-scroll-water	63	31.9	31315	31300	33496	63	63	99	100	100	105	31437	31492	29920	29904	1331	1350	8728	15842	573	613	666	708	28680	28701	0	0	0	0	0	0	0	0	20272	not-run	2026-06-15T09:21:43Z	fb_format=565; preview_format=raw-rgb565; mode=mega; segment_secs=2
CAMERA-SCAFFOLD-AFTER	heat-haze-raster	63	31.8	31477	32021	34068	63	63	99	100	100	105	31606	32178	30118	30076	1288	1308	8155	15508	572	610	661	713	0	0	20252	20342	0	0	8631	8666	0	0	20272	not-run	2026-06-15T09:21:43Z	fb_format=565; preview_format=raw-rgb565; mode=mega; segment_secs=2
CAMERA-SCAFFOLD-AFTER	perspective-road	121	61.7	16201	16482	16665	2	0	37	37	101	105	6026	6091	4364	4441	1491	1520	16458	16653	592	639	702	729	3049	3093	0	0	20	26	0	0	0	0	20272	not-run	2026-06-15T09:21:43Z	fb_format=565; preview_format=raw-rgb565; mode=mega; segment_secs=2
CAMERA-SCAFFOLD-AFTER	checkerboard-floor	90	45.4	22050	22098	25436	90	90	99	100	100	105	22148	22188	20486	20549	1492	1519	10058	16662	600	651	699	733	19186	19276	0	0	0	0	0	0	0	0	20272	not-run	2026-06-15T09:21:43Z	fb_format=565; preview_format=raw-rgb565; mode=mega; segment_secs=2
CAMERA-SCAFFOLD-AFTER	tube-scaling	73	36.9	27098	30847	33103	73	73	99	100	100	105	27189	30990	25752	29526	1275	1292	9951	16656	593	633	667	738	24490	28319	0	0	0	0	0	0	0	0	20272	not-run	2026-06-15T09:21:43Z	fb_format=565; preview_format=raw-rgb565; mode=mega; segment_secs=2
CAMERA-SCAFFOLD-AFTER	rotating-tunnel-rings	72	36.1	27665	31963	33117	72	72	99	100	100	105	27751	32065	26323	30616	1269	1284	10515	16652	589	623	663	695	1053	1158	24017	28356	0	0	0	0	0	0	20272	not-run	2026-06-15T09:21:43Z	fb_format=565; preview_format=raw-rgb565; mode=mega; segment_secs=2
CAMERA-SCAFFOLD-AFTER	pseudo3d-horizon-bend	44	22.0	45380	46350	47140	44	44	99	100	100	105	45498	46350	43730	44766	1546	1550	10747	16638	620	644	40074	40782	3035	3033	0	0	0	0	0	0	0	0	20272	not-run	2026-06-15T09:21:43Z	fb_format=565; preview_format=raw-rgb565; mode=mega; segment_secs=2
CAMERA-SCAFFOLD-AFTER	mode7-rotating-floor	67	34.2	29241	29345	32843	67	67	99	100	100	105	29345	29481	27723	27875	1447	1466	11766	16662	597	641	693	715	26432	26618	0	0	0	0	0	0	0	0	20272	not-run	2026-06-15T09:21:43Z	fb_format=565; preview_format=raw-rgb565; mode=mega; segment_secs=2
CAMERA-SCAFFOLD-AFTER	rotate-zoom-background	37	18.4	54418	56799	58228	37	37	99	100	100	105	54516	56734	52875	54817	1458	1476	9157	16631	612	641	680	711	51581	53572	0	0	0	0	0	0	0	0	20272	not-run	2026-06-15T09:21:43Z	fb_format=565; preview_format=raw-rgb565; mode=mega; segment_secs=2
CAMERA-SCAFFOLD-AFTER	infinite-cloud-bank	120	61.4	16293	16547	16691	3	0	21	23	102	105	3558	3880	1964	2173	1418	1487	16469	16660	581	638	1383	1561	0	0	0	0	0	0	0	0	0	0	20272	not-run	2026-06-15T09:21:43Z	fb_format=565; preview_format=raw-rgb565; mode=mega; segment_secs=2
CAMERA-SCAFFOLD-AFTER	city-lights-parallax	120	60.8	16448	16497	16612	2	0	23	25	40	105	3983	4258	2452	2620	1364	1378	16636	16652	574	594	1751	1811	0	0	0	0	126	147	0	0	0	0	20272	not-run	2026-06-15T09:21:43Z	fb_format=565; preview_format=raw-rgb565; mode=mega; segment_secs=2
CAMERA-SCAFFOLD-AFTER	rain-snow-layers	86	43.2	23167	24371	25430	86	86	99	100	101	105	23288	24362	21838	22633	1258	1317	9746	16653	573	611	668	689	0	0	20265	20916	331	346	0	0	0	0	20272	not-run	2026-06-15T09:21:43Z	fb_format=565; preview_format=raw-rgb565; mode=mega; segment_secs=2
CAMERA-SCAFFOLD-AFTER	foreground-obstruction-wipe	84	42.4	23584	23599	26463	84	84	99	100	100	105	23712	23757	22265	22312	1244	1257	9277	16622	567	605	657	700	0	0	20226	20248	813	911	0	0	0	0	20272	not-run	2026-06-15T09:21:43Z	fb_format=565; preview_format=raw-rgb565; mode=mega; segment_secs=2
CAMERA-SCAFFOLD-AFTER	isometric-tile-drift	121	61.7	16216	16484	16585	2	0	30	32	101	105	4949	5098	3431	3589	1349	1395	16511	16649	573	608	649	684	2208	2316	0	0	0	0	0	0	0	0	20272	not-run	2026-06-15T09:21:43Z	fb_format=565; preview_format=raw-rgb565; mode=mega; segment_secs=2
