label	effect	frames	fps	avg_wall_us	p95_wall_us	p99_wall_us	slow_gt_16_7ms	slow_gt_20ms	avg_cpu_pct	p95_cpu_pct	max_trace_cpu_pct	max_sample_cpu_pct	avg_cpu_us	p95_cpu_us	avg_draw_us	p95_draw_us	avg_present_us	p95_present_us	avg_vsync_us	p95_vsync_us	avg_clear_us	p95_clear_us	avg_background_us	p95_background_us	avg_projection_us	p95_projection_us	avg_image_blit_us	p95_image_blit_us	avg_sprite_us	p95_sprite_us	avg_post_us	p95_post_us	avg_hud_us	p95_hud_us	avg_sprite_count	p95_sprite_count	max_sprite_count	avg_sprite_pixels	p95_sprite_pixels	max_sprite_pixels	avg_particle_count	p95_particle_count	max_particle_count	avg_flicker_skip_count	p95_flicker_skip_count	max_flicker_skip_count	rss_hwm_kb	visual_ok	date	notes
SPRITE-FX-SMOKE	sprite-zoom-toward-camera	61	61.0	16382	16498	16647	1	0	41	58	62	102	6874	9551	5313	8013	1435	1495	16449	16651	623	669	1227	1296	0	0	0	0	3462	6257	0	0	0	0	1	1	1	82547	166025	180538	0	0	0	0	0	0	18956	not-run	2026-06-12T21:25:26Z	fb_format=565; preview_format=raw-rgb565; mode=mega; segment_secs=1
SPRITE-FX-SMOKE	sprite-shrink-into-distance	60	60.9	16414	16519	16606	1	0	33	56	59	102	5583	9298	3990	7763	1422	1445	16636	16650	613	653	1188	1220	0	0	0	0	2188	6050	0	0	0	0	1	1	1	52154	162312	184006	0	0	0	0	0	0	18956	not-run	2026-06-12T21:25:26Z	fb_format=565; preview_format=raw-rgb565; mode=mega; segment_secs=1
SPRITE-FX-SMOKE	multi-sprite-large-object	60	60.9	16410	16465	16503	1	0	37	37	56	102	6165	6136	4727	4701	1283	1285	16638	16652	591	624	1850	1865	0	0	0	0	2285	2284	0	0	0	0	56	56	56	84112	84112	84112	0	0	0	0	0	0	18956	not-run	2026-06-12T21:25:26Z	fb_format=565; preview_format=raw-rgb565; mode=mega; segment_secs=1
SPRITE-FX-SMOKE	boss-parts-assemble	60	60.9	16431	16469	16511	1	0	25	27	30	102	4281	4543	2867	3151	1263	1275	16640	16647	582	628	1798	1843	0	0	0	0	486	751	0	0	0	0	8	12	12	17458	26784	26784	0	0	0	0	0	0	18956	not-run	2026-06-12T21:25:26Z	fb_format=565; preview_format=raw-rgb565; mode=mega; segment_secs=1
SPRITE-FX-SMOKE	sprite-priority-foreground	60	60.9	16409	16561	16575	1	0	21	22	31	102	3542	3633	1945	2003	1422	1458	16637	16659	607	648	979	990	0	0	0	0	357	444	0	0	0	0	0	1	1	3847	4968	4968	0	0	0	0	0	0	18956	not-run	2026-06-12T21:25:26Z	fb_format=565; preview_format=raw-rgb565; mode=mega; segment_secs=1
SPRITE-FX-SMOKE	sprite-clipping-window	60	60.9	16407	16639	16715	2	0	22	24	32	102	3738	4171	2089	2230	1460	1512	16641	16656	623	667	1190	1302	0	0	0	0	274	527	0	0	0	0	0	1	1	761	5066	7351	0	0	0	0	0	0	18956	not-run	2026-06-12T21:25:26Z	fb_format=565; preview_format=raw-rgb565; mode=mega; segment_secs=1
SPRITE-FX-SMOKE	drop-shadow-copy	60	60.9	16423	16511	16678	2	0	24	25	34	102	4102	4240	2480	2545	1463	1502	16636	16661	618	638	810	839	0	0	0	0	1050	1113	0	0	0	0	2	2	2	15670	15670	15670	0	0	0	0	0	0	18956	not-run	2026-06-12T21:25:26Z	fb_format=565; preview_format=raw-rgb565; mode=mega; segment_secs=1
SPRITE-FX-SMOKE	blob-contact-shadow	60	60.9	16418	16556	16701	2	0	20	21	28	102	3461	3485	1821	1850	1458	1478	16635	16653	592	620	823	836	0	0	0	0	405	450	0	0	0	0	1	1	1	7835	7835	7835	0	0	0	0	0	0	18956	not-run	2026-06-12T21:25:26Z	fb_format=565; preview_format=raw-rgb565; mode=mega; segment_secs=1
SPRITE-FX-SMOKE	invincibility-flicker	60	60.9	16421	16516	16671	2	0	19	20	24	102	3215	3389	1561	1738	1471	1513	16634	16649	593	630	786	795	0	0	0	0	181	397	0	0	0	0	0	1	1	3917	7835	7835	0	0	0	0	1	1	18956	not-run	2026-06-12T21:25:26Z	fb_format=565; preview_format=raw-rgb565; mode=mega; segment_secs=1
SPRITE-FX-SMOKE	afterimage-trail	60	60.9	16411	16582	16723	2	0	28	35	35	102	4803	5834	3165	4202	1459	1547	16635	16646	603	659	796	825	0	0	0	0	1765	2829	0	0	0	0	5	7	7	22185	34776	34776	0	0	0	0	0	0	18956	not-run	2026-06-12T21:25:26Z	fb_format=565; preview_format=raw-rgb565; mode=mega; segment_secs=1
SPRITE-FX-SMOKE	motion-smear-repeats	60	61.0	16405	16587	16719	3	0	56	57	67	102	9308	9648	7667	7784	1487	1537	16637	16654	618	667	813	827	0	0	0	0	6236	6388	0	0	0	0	9	9	9	70515	70515	70515	0	0	0	0	0	0	18956	not-run	2026-06-12T21:25:26Z	fb_format=565; preview_format=raw-rgb565; mode=mega; segment_secs=1
SPRITE-FX-SMOKE	exploding-sprite-debris	60	60.9	16411	16478	16503	0	0	19	20	26	102	3242	3408	1573	1651	1473	1577	16630	16646	597	656	786	800	0	0	0	0	189	265	0	0	0	0	64	64	64	4440	4440	4440	64	64	64	0	0	0	18956	not-run	2026-06-12T21:25:26Z	fb_format=565; preview_format=raw-rgb565; mode=mega; segment_secs=1
SPRITE-FX-SMOKE	tile-chunks-fly-apart	60	60.9	16422	16497	16538	0	0	27	28	38	102	4616	4747	3070	3093	1369	1394	16632	16651	599	628	1119	1169	0	0	0	0	1351	1386	0	0	0	0	45	45	45	64980	64980	64980	45	45	45	0	0	0	18956	not-run	2026-06-12T21:25:26Z	fb_format=565; preview_format=raw-rgb565; mode=mega; segment_secs=1
SPRITE-FX-SMOKE	particle-sparkle-burst	60	60.9	16414	16544	16653	1	0	41	41	53	102	6864	6863	5202	5180	1475	1489	16635	16653	617	658	4265	4266	0	0	0	0	319	336	0	0	0	0	96	96	96	1908	1908	1908	96	96	96	0	0	0	18956	not-run	2026-06-12T21:25:26Z	fb_format=565; preview_format=raw-rgb565; mode=mega; segment_secs=1
SPRITE-FX-SMOKE	bullet-hell-ornaments	60	61.0	16399	16476	16629	1	0	42	44	51	102	7101	7239	5437	5518	1490	1528	16510	16655	626	673	4420	4509	0	0	0	0	390	413	0	0	0	0	180	180	180	8026	8026	8026	180	180	180	0	0	0	18956	not-run	2026-06-12T21:25:26Z	fb_format=565; preview_format=raw-rgb565; mode=mega; segment_secs=1
SPRITE-FX-SMOKE	rotating-sprite-card	60	61.0	16402	16470	17019	2	0	50	55	73	102	8336	9427	6938	7369	1270	1324	16642	16656	612	656	2339	2743	0	0	3530	3697	456	668	0	0	0	0	1	1	1	21753	33480	34200	0	0	0	0	0	0	18956	not-run	2026-06-12T21:25:26Z	fb_format=565; preview_format=raw-rgb565; mode=mega; segment_secs=1
SPRITE-FX-SMOKE	sprite-sheet-flipbook-logo	60	60.9	16415	16495	16584	1	0	26	26	39	102	4346	4382	2793	2806	1385	1405	16554	16658	592	635	1135	1195	0	0	0	0	1065	1081	0	0	0	0	1	1	1	51840	51840	51840	0	0	0	0	0	0	18956	not-run	2026-06-12T21:25:26Z	fb_format=565; preview_format=raw-rgb565; mode=mega; segment_secs=1
SPRITE-FX-SMOKE	palette-swapped-variants	60	61.0	16405	16504	16610	1	0	28	29	34	102	4755	4862	3182	3251	1408	1460	16640	16655	608	664	1654	1700	0	0	0	0	919	971	0	0	0	0	4	4	4	19872	19872	19872	0	0	0	0	0	0	18956	not-run	2026-06-12T21:25:26Z	fb_format=565; preview_format=raw-rgb565; mode=mega; segment_secs=1
SPRITE-FX-SMOKE	mirrored-sprite-reflections	60	61.0	16403	16463	16560	0	0	73	74	94	102	12049	12291	10450	10642	1435	1486	16639	16649	618	662	1358	1405	0	0	7685	7844	691	716	96	103	0	0	2	2	2	11687	11687	11687	0	0	0	0	0	0	18956	not-run	2026-06-12T21:25:26Z	fb_format=565; preview_format=raw-rgb565; mode=mega; segment_secs=1
SPRITE-FX-SMOKE	object-overload-flicker	60	60.9	16409	16477	16585	0	0	24	26	36	102	4118	4286	2608	2713	1345	1392	16637	16654	595	656	1219	1311	0	0	0	0	793	842	0	0	0	0	245	251	252	12344	12607	12693	256	256	256	64	64	64	18956	not-run	2026-06-12T21:25:26Z	fb_format=565; preview_format=raw-rgb565; mode=mega; segment_secs=1
